Time,v_l,v_r,u0,u1,u2,e0,e1,e2
1749039388.1754920483,0.401,0.399,0.400,0.400,0.000,0.135,0.135,0.000
1749039388.2759370804,0.000,0.000,0.000,0.000,0.400,0.136,0.136,0.135
1749039388.3762679100,0.161,0.159,0.160,0.160,0.000,0.135,0.135,0.136
1749039388.4766149521,0.107,0.106,0.106,0.106,0.160,0.136,0.136,0.135
1749039388.5769429207,0.130,0.127,0.128,0.128,0.106,0.136,0.136,0.136
1749039388.6773569584,0.119,0.117,0.118,0.118,0.128,0.135,0.135,0.136
1749039388.7776288986,0.107,0.106,0.106,0.106,0.118,0.133,0.133,0.135
1749039388.8779129982,0.044,0.043,0.044,0.044,0.106,0.121,0.121,0.133
1749039388.9783139229,0.091,0.089,0.090,0.090,0.044,0.113,0.113,0.121
1749039389.0786600113,0.035,0.034,0.034,0.034,0.090,0.102,0.102,0.113
1749039389.1789920330,0.042,0.041,0.042,0.042,0.034,0.090,0.090,0.102
1749039389.2794001102,0.018,0.018,0.018,0.018,0.042,0.077,0.077,0.090
1749039389.3797490597,0.008,0.008,0.008,0.008,0.018,0.063,0.063,0.077
1749039389.4800899029,0.016,0.016,0.016,0.016,0.008,0.053,0.053,0.063
1749039389.5804359913,0.023,0.023,0.023,0.023,0.016,0.046,0.046,0.053
1749039389.6807310581,0.016,0.016,0.016,0.016,0.023,0.039,0.039,0.046
1749039389.7811141014,0.032,0.033,0.033,0.033,0.016,0.037,0.037,0.039
1749039389.8814280033,0.017,0.018,0.018,0.018,0.033,0.034,0.034,0.037
1749039389.9817869663,0.021,0.021,0.021,0.021,0.018,0.031,0.031,0.034
1749039390.0821468830,0.026,0.026,0.026,0.026,0.021,0.030,0.030,0.031
1749039390.1825089455,0.000,0.000,0.026,0.026,0.021,0.030,0.030,0.031
1749039390.1825420856,0.017,0.017,0.017,0.017,0.026,0.028,0.028,0.030
1749039390.2828869820,0.000,0.000,0.017,0.017,0.026,0.028,0.028,0.030
1749039390.2829380035,0.023,0.023,0.023,0.023,0.017,0.027,0.027,0.028
1749039390.3832058907,0.000,0.000,0.023,0.023,0.017,0.027,0.027,0.028
1749039390.3832249641,0.007,0.007,0.007,0.007,0.023,0.024,0.024,0.027
1749039390.4834749699,0.000,0.000,0.007,0.007,0.023,0.024,0.024,0.027
1749039390.4835069180,0.020,0.020,0.020,0.020,0.007,0.023,0.023,0.024
1749039390.5838530064,0.000,0.000,0.020,0.020,0.007,0.023,0.023,0.024
1749039390.5838899612,0.022,0.023,0.022,0.022,0.020,0.023,0.023,0.023
1749039390.6842849255,0.000,0.000,0.000,0.000,0.000,0.000,0.000,0.000
1749039390.7246339321,0.000,0.000,0.000,0.000,0.000,0.000,0.000,0.000
1749039390.8282289505,0.000,0.000,0.000,0.000,0.000,0.000,0.000,0.000
1749039390.9215641022,0.000,0.000,0.000,0.000,0.000,0.000,0.000,0.000
1749039391.0250320435,0.000,0.000,0.000,0.000,0.000,0.000,0.000,0.000
1749039391.1184980869,0.000,0.000,0.000,0.000,0.000,0.000,0.000,0.000
1749039391.2222220898,0.000,0.000,0.000,0.000,0.000,0.000,0.000,0.000
1749039391.3257710934,0.000,0.000,0.000,0.000,0.000,0.000,0.000,0.000
1749039391.4191870689,0.000,0.000,0.000,0.000,0.000,0.000,0.000,0.000
1749039391.5228700638,0.000,0.000,0.000,0.000,0.000,0.000,0.000,0.000
1749039391.6162331104,0.000,0.000,0.000,0.000,0.000,0.000,0.000,0.000
1749039391.7201690674,0.000,0.000,0.000,0.000,0.000,0.000,0.000,0.000
1749039391.8236789703,0.000,0.000,0.000,0.000,0.000,0.000,0.000,0.000
1749039391.9170200825,0.000,0.000,0.000,0.000,0.000,0.000,0.000,0.000
1749039392.0207409859,0.000,0.000,0.000,0.000,0.000,0.000,0.000,0.000
1749039392.1141839027,0.000,0.000,0.000,0.000,0.000,0.000,0.000,0.000
1749039392.2179150581,0.000,0.000,0.000,0.000,0.000,0.000,0.000,0.000
1749039392.3213090897,0.000,0.000,0.000,0.000,0.000,0.000,0.000,0.000
1749039392.4145550728,0.000,0.000,0.000,0.000,0.000,0.000,0.000,0.000
1749039392.5180881023,0.000,0.000,0.000,0.000,0.000,0.000,0.000,0.000
1749039392.6112959385,0.020,0.021,0.021,0.021,0.022,0.023,0.023,0.023
1749039392.7147769928,0.021,0.021,0.021,0.021,0.021,0.023,0.023,0.023
1749039392.8185861111,0.020,0.021,0.021,0.021,0.021,0.023,0.023,0.023
1749039392.9189240932,0.020,0.021,0.021,0.021,0.021,0.023,0.023,0.023
1749039393.0193150043,0.063,0.064,0.063,0.063,0.021,0.029,0.029,0.023
1749039393.1196620464,0.155,0.157,0.156,0.156,0.063,0.050,0.050,0.029
1749039393.2200660706,0.128,0.131,0.129,0.129,0.156,0.071,0.071,0.050
1749039393.3204131126,0.204,0.208,0.206,0.206,0.129,0.097,0.097,0.071
1749039393.4207770824,0.199,0.203,0.201,0.201,0.206,0.124,0.124,0.097
1749039393.5211389065,0.252,0.257,0.255,0.255,0.201,0.153,0.153,0.124
1749039393.6215069294,0.238,0.243,0.240,0.240,0.255,0.178,0.178,0.153
1749039393.7219090462,0.228,0.234,0.231,0.231,0.240,0.197,0.197,0.178
1749039393.8222570419,0.240,0.246,0.243,0.243,0.231,0.212,0.212,0.197
1749039393.9226529598,0.232,0.237,0.234,0.234,0.243,0.224,0.224,0.212
1749039394.0230441093,0.251,0.257,0.254,0.254,0.234,0.235,0.235,0.224
1749039394.1234409809,0.205,0.209,0.207,0.207,0.254,0.239,0.239,0.235
1749039394.2238130569,0.219,0.223,0.221,0.221,0.207,0.240,0.240,0.239
1749039394.3242070675,0.267,0.271,0.269,0.269,0.221,0.249,0.249,0.240
1749039394.4245929718,0.239,0.242,0.240,0.240,0.269,0.254,0.254,0.249
1749039394.5249700546,0.271,0.274,0.273,0.273,0.240,0.262,0.262,0.254
1749039394.6254479885,0.261,0.265,0.263,0.263,0.273,0.269,0.269,0.262
1749039394.7258639336,0.262,0.266,0.264,0.264,0.263,0.274,0.274,0.269
1749039394.8262419701,0.289,0.293,0.291,0.291,0.264,0.282,0.282,0.274
1749039394.9266281128,0.304,0.308,0.306,0.306,0.291,0.293,0.293,0.282
1749039395.0276188850,0.259,0.263,0.261,0.261,0.306,0.296,0.296,0.293
1749039395.1279809475,0.299,0.302,0.300,0.300,0.261,0.301,0.301,0.296
1749039395.2284009457,0.259,0.262,0.261,0.261,0.300,0.302,0.302,0.301
1749039395.3287498951,0.309,0.313,0.311,0.311,0.261,0.307,0.307,0.302
1749039395.4290421009,0.265,0.268,0.266,0.266,0.311,0.308,0.308,0.307
1749039395.5293900967,0.299,0.302,0.301,0.301,0.266,0.311,0.311,0.308
1749039395.6297109127,0.263,0.265,0.264,0.264,0.301,0.310,0.310,0.311
1749039395.7300810814,0.326,0.328,0.327,0.327,0.264,0.316,0.316,0.310
1749039395.8304319382,0.282,0.283,0.282,0.282,0.327,0.318,0.318,0.316
1749039395.9307599068,0.310,0.312,0.311,0.311,0.282,0.322,0.322,0.318
1749039396.0311939716,0.275,0.276,0.276,0.276,0.311,0.321,0.321,0.322
1749039396.1315519810,0.328,0.329,0.328,0.328,0.276,0.326,0.326,0.321
1749039396.2319378853,0.300,0.301,0.300,0.300,0.328,0.329,0.329,0.326
1749039396.3322749138,0.314,0.315,0.314,0.314,0.300,0.332,0.332,0.329
1749039396.4326090813,0.287,0.287,0.287,0.287,0.314,0.331,0.331,0.332
1749039396.5329430103,0.306,0.307,0.307,0.307,0.287,0.332,0.332,0.331
1749039396.6333279610,0.299,0.300,0.300,0.300,0.307,0.332,0.332,0.332
1749039396.7336928844,0.292,0.293,0.293,0.293,0.300,0.331,0.331,0.332
1749039396.8340480328,0.287,0.289,0.288,0.288,0.293,0.329,0.329,0.331
1749039396.9344100952,0.331,0.334,0.333,0.333,0.288,0.333,0.333,0.329
1749039397.0347990990,0.294,0.297,0.296,0.296,0.333,0.334,0.334,0.333
1749039397.1352410316,0.392,0.397,0.395,0.395,0.296,0.348,0.348,0.334
1749039397.2355549335,0.202,0.205,0.203,0.203,0.395,0.337,0.337,0.348
1749039397.3358790874,0.338,0.345,0.341,0.341,0.203,0.336,0.336,0.337
1749039397.4362440109,0.286,0.295,0.291,0.291,0.341,0.336,0.336,0.336
1749039397.5366370678,0.298,0.311,0.305,0.305,0.291,0.335,0.335,0.336
1749039397.6370239258,0.293,0.311,0.302,0.302,0.305,0.335,0.335,0.335
1749039397.7374329567,0.219,0.235,0.227,0.227,0.302,0.324,0.324,0.335
1749039397.8377571106,0.231,0.252,0.241,0.241,0.227,0.312,0.312,0.324
1749039397.9381239414,0.289,0.320,0.304,0.304,0.241,0.311,0.311,0.312
1749039398.0384590626,0.258,0.290,0.274,0.274,0.304,0.311,0.311,0.311
1749039398.1387948990,0.256,0.307,0.281,0.281,0.274,0.310,0.310,0.311
1749039398.2391889095,0.262,0.321,0.291,0.291,0.281,0.311,0.311,0.310
1749039398.3395059109,0.240,0.302,0.271,0.271,0.291,0.310,0.310,0.311
1749039398.4398388863,0.215,0.276,0.246,0.246,0.271,0.305,0.305,0.310
1749039398.5401909351,0.299,0.394,0.347,0.347,0.246,0.313,0.313,0.305
1749039398.6405520439,0.146,0.195,0.170,0.170,0.347,0.301,0.301,0.313
1749039398.7409219742,0.250,0.339,0.295,0.295,0.170,0.297,0.297,0.301
1749039398.8412950039,0.190,0.266,0.228,0.228,0.295,0.292,0.292,0.297
1749039398.9415960312,0.219,0.314,0.266,0.266,0.228,0.290,0.290,0.292
1749039399.0419530869,0.209,0.305,0.257,0.257,0.266,0.289,0.289,0.290
1749039399.1422669888,0.219,0.327,0.273,0.273,0.257,0.290,0.290,0.289
1749039399.2426280975,0.184,0.277,0.230,0.230,0.273,0.286,0.286,0.290
1749039399.3429849148,0.197,0.299,0.248,0.248,0.230,0.282,0.282,0.286
1749039399.4433479309,0.209,0.321,0.265,0.265,0.248,0.283,0.283,0.282
1749039399.5437059402,0.190,0.296,0.243,0.243,0.265,0.281,0.281,0.283
1749039399.6440711021,0.195,0.308,0.252,0.252,0.243,0.280,0.280,0.281
1749039399.7444660664,0.196,0.311,0.253,0.253,0.252,0.280,0.280,0.280
1749039399.8448610306,0.199,0.318,0.259,0.259,0.253,0.280,0.280,0.280
1749039399.9451830387,0.212,0.340,0.276,0.276,0.259,0.284,0.284,0.280
1749039400.0455520153,0.216,0.349,0.282,0.282,0.276,0.289,0.289,0.284
1749039400.1459269524,0.204,0.329,0.266,0.266,0.282,0.291,0.291,0.289
1749039400.2463119030,0.237,0.382,0.310,0.310,0.266,0.299,0.299,0.291
1749039400.3467190266,0.188,0.301,0.245,0.245,0.310,0.298,0.298,0.299
1749039400.4470779896,0.222,0.353,0.287,0.287,0.245,0.299,0.299,0.298
1749039400.5474948883,0.211,0.334,0.272,0.272,0.287,0.301,0.301,0.299
1749039400.6478109360,0.216,0.338,0.277,0.277,0.272,0.302,0.302,0.301
1749039400.7481250763,0.197,0.305,0.251,0.251,0.277,0.299,0.299,0.302
1749039400.8484909534,0.224,0.342,0.283,0.283,0.251,0.300,0.300,0.299
1749039400.9488248825,0.213,0.322,0.268,0.268,0.283,0.300,0.300,0.300
1749039401.0491890907,0.208,0.309,0.259,0.259,0.268,0.298,0.298,0.300
1749039401.1495389938,0.241,0.352,0.297,0.297,0.259,0.301,0.301,0.298
1749039401.2498409748,0.228,0.327,0.277,0.277,0.297,0.303,0.303,0.301
1749039401.3502049446,0.228,0.320,0.274,0.274,0.277,0.304,0.304,0.303
1749039401.4505710602,0.227,0.312,0.270,0.270,0.274,0.303,0.303,0.304
1749039401.5508859158,0.261,0.351,0.306,0.306,0.270,0.307,0.307,0.303
1749039401.6512670517,0.211,0.278,0.244,0.244,0.306,0.304,0.304,0.307
1749039401.7515931129,0.281,0.361,0.321,0.321,0.244,0.309,0.309,0.304
1749039401.8519639969,0.236,0.294,0.265,0.265,0.321,0.310,0.310,0.309
1749039401.9523389339,0.231,0.283,0.257,0.257,0.265,0.306,0.306,0.310
1749039402.0527069569,0.280,0.339,0.310,0.310,0.257,0.309,0.309,0.306
1749039402.1530759335,0.276,0.329,0.303,0.303,0.310,0.314,0.314,0.309
1749039402.2533769608,0.248,0.290,0.269,0.269,0.303,0.314,0.314,0.314
1749039402.3537011147,0.279,0.320,0.299,0.299,0.269,0.315,0.315,0.314
1749039402.4541940689,0.284,0.319,0.302,0.302,0.299,0.318,0.318,0.315
1749039402.5545361042,0.290,0.320,0.305,0.305,0.302,0.322,0.322,0.318
1749039402.6549010277,0.249,0.271,0.260,0.260,0.305,0.319,0.319,0.322
1749039402.7552649975,0.319,0.342,0.331,0.331,0.260,0.323,0.323,0.319
1749039402.8556270599,0.338,0.356,0.347,0.347,0.331,0.334,0.334,0.323
1749039402.9560201168,0.217,0.226,0.221,0.221,0.347,0.326,0.326,0.334
1749039403.0563890934,0.320,0.328,0.324,0.324,0.221,0.325,0.325,0.326
1749039403.1567480564,0.296,0.301,0.298,0.298,0.324,0.328,0.328,0.325
1749039403.2570800781,0.304,0.305,0.304,0.304,0.298,0.329,0.329,0.328
1749039403.3574659824,0.287,0.286,0.287,0.287,0.304,0.328,0.328,0.329
1749039403.4577460289,0.312,0.308,0.310,0.310,0.287,0.329,0.329,0.328
1749039403.5580189228,0.279,0.274,0.277,0.277,0.310,0.327,0.327,0.329
1749039403.6583330631,0.305,0.297,0.301,0.301,0.277,0.326,0.326,0.327
1749039403.7586929798,0.305,0.295,0.300,0.300,0.301,0.327,0.327,0.326
1749039403.8589859009,0.298,0.287,0.293,0.293,0.300,0.327,0.327,0.327
1749039403.9593169689,0.304,0.292,0.298,0.298,0.293,0.327,0.327,0.327
1749039404.0596919060,0.311,0.299,0.305,0.305,0.298,0.329,0.329,0.327
1749039404.1599628925,0.352,0.339,0.346,0.346,0.305,0.336,0.336,0.329
1749039404.2603049278,0.268,0.258,0.263,0.263,0.346,0.333,0.333,0.336
1749039404.3606290817,0.400,0.386,0.393,0.393,0.263,0.344,0.344,0.333
1749039404.4609539509,0.266,0.258,0.262,0.262,0.393,0.343,0.343,0.344
1749039404.5613501072,0.343,0.334,0.339,0.339,0.262,0.344,0.344,0.343
1749039404.6616621017,0.284,0.279,0.282,0.282,0.339,0.342,0.342,0.344
1749039404.7619841099,0.304,0.299,0.301,0.301,0.282,0.339,0.339,0.342
1749039404.8623740673,0.259,0.257,0.258,0.258,0.301,0.331,0.331,0.339
1749039404.9627220631,0.340,0.339,0.339,0.339,0.258,0.334,0.334,0.331
1749039405.0630779266,0.255,0.256,0.256,0.256,0.339,0.329,0.329,0.334
1749039405.1634640694,0.283,0.286,0.284,0.284,0.256,0.325,0.325,0.329
1749039405.2638320923,0.300,0.305,0.302,0.302,0.284,0.325,0.325,0.325
1749039405.3642060757,0.298,0.305,0.301,0.301,0.302,0.326,0.326,0.325
1749039405.4645481110,0.289,0.297,0.293,0.293,0.301,0.326,0.326,0.326
1749039405.5648550987,0.318,0.329,0.323,0.323,0.293,0.330,0.330,0.326
1749039405.6652569771,0.289,0.301,0.295,0.295,0.323,0.331,0.331,0.330
1749039405.7656309605,0.295,0.309,0.302,0.302,0.295,0.331,0.331,0.331
1749039405.8660120964,0.306,0.323,0.314,0.314,0.302,0.334,0.334,0.331
1749039405.9663660526,0.283,0.300,0.291,0.291,0.314,0.333,0.333,0.334
1749039406.0667428970,0.330,0.352,0.341,0.341,0.291,0.338,0.338,0.333
1749039406.1672019958,0.295,0.317,0.306,0.306,0.341,0.341,0.341,0.338
1749039406.2675929070,0.281,0.304,0.293,0.293,0.306,0.339,0.339,0.341
1749039406.3679189682,0.278,0.302,0.290,0.290,0.293,0.336,0.336,0.339
1749039406.4682669640,0.280,0.306,0.293,0.293,0.290,0.333,0.333,0.336
1749039406.5686490536,0.293,0.322,0.307,0.307,0.293,0.333,0.333,0.333
1749039406.6690149307,0.286,0.317,0.302,0.302,0.307,0.333,0.333,0.333
1749039406.7694311142,0.296,0.329,0.313,0.313,0.302,0.335,0.335,0.333
1749039406.8697850704,0.271,0.303,0.287,0.287,0.313,0.333,0.333,0.335
1749039406.9701910019,0.304,0.340,0.322,0.322,0.287,0.335,0.335,0.333
1749039407.0706360340,0.284,0.319,0.302,0.302,0.322,0.336,0.336,0.335
1749039407.1710300446,0.250,0.281,0.266,0.266,0.302,0.331,0.331,0.336
1749039407.2714550495,0.331,0.372,0.351,0.351,0.266,0.336,0.336,0.331
1749039407.3717870712,0.268,0.301,0.284,0.284,0.351,0.336,0.336,0.336
1749039407.4721839428,0.300,0.337,0.318,0.318,0.284,0.337,0.337,0.336
1749039407.5725390911,0.267,0.299,0.283,0.283,0.318,0.335,0.335,0.337
1749039407.6728830338,0.321,0.358,0.340,0.340,0.283,0.339,0.339,0.335
1749039407.7732739449,0.283,0.315,0.299,0.299,0.340,0.340,0.340,0.339
1749039407.8736009598,0.292,0.323,0.308,0.308,0.299,0.340,0.340,0.340
1749039407.9739749432,0.305,0.335,0.320,0.320,0.308,0.342,0.342,0.340
1749039408.0743570328,0.283,0.308,0.295,0.295,0.320,0.340,0.340,0.342
1749039408.1747150421,0.304,0.329,0.317,0.317,0.295,0.341,0.341,0.340
1749039408.2750999928,0.273,0.293,0.283,0.283,0.317,0.338,0.338,0.341
1749039408.3754539490,0.309,0.328,0.319,0.319,0.283,0.338,0.338,0.338
1749039408.4758529663,0.276,0.291,0.283,0.283,0.319,0.336,0.336,0.338
1749039408.5762538910,0.310,0.322,0.316,0.316,0.283,0.336,0.336,0.336
1749039408.6766290665,0.299,0.307,0.303,0.303,0.316,0.336,0.336,0.336
1749039408.7771461010,0.295,0.300,0.298,0.298,0.303,0.335,0.335,0.336
1749039408.8776249886,0.309,0.310,0.310,0.310,0.298,0.336,0.336,0.335
1749039408.9780371189,0.288,0.286,0.287,0.287,0.310,0.334,0.334,0.336
1749039409.0783910751,0.318,0.311,0.314,0.314,0.287,0.335,0.335,0.334
1749039409.1787929535,0.313,0.302,0.307,0.307,0.314,0.336,0.336,0.335
1749039409.2791879177,0.340,0.325,0.332,0.332,0.307,0.340,0.340,0.336
1749039409.3795080185,0.302,0.285,0.293,0.293,0.332,0.340,0.340,0.340
1749039409.4798400402,0.328,0.306,0.317,0.317,0.293,0.341,0.341,0.340
1749039409.5801939964,0.381,0.352,0.367,0.367,0.317,0.350,0.350,0.341
1749039409.6805179119,0.318,0.291,0.304,0.304,0.367,0.352,0.352,0.350
1749039409.7808558941,0.360,0.326,0.343,0.343,0.304,0.355,0.355,0.352
1749039409.8812260628,0.351,0.314,0.333,0.333,0.343,0.358,0.358,0.355
1749039409.9816119671,0.325,0.287,0.306,0.306,0.333,0.357,0.357,0.358
1749039410.0819709301,0.315,0.275,0.295,0.295,0.306,0.352,0.352,0.357
1749039410.1823339462,0.343,0.286,0.315,0.315,0.295,0.350,0.350,0.352
1749039410.2826929092,0.338,0.278,0.308,0.308,0.315,0.348,0.348,0.350
1749039410.3830618858,0.319,0.259,0.289,0.289,0.308,0.344,0.344,0.348
1749039410.4834659100,0.347,0.278,0.313,0.313,0.289,0.342,0.342,0.344
1749039410.5838329792,0.325,0.258,0.291,0.291,0.313,0.339,0.339,0.342
1749039410.6842188835,0.383,0.300,0.342,0.342,0.291,0.343,0.343,0.339
1749039410.7845919132,0.280,0.216,0.248,0.248,0.342,0.336,0.336,0.343
1749039410.8850541115,0.227,0.176,0.202,0.202,0.248,0.317,0.317,0.336
1749039410.9854390621,0.457,0.343,0.400,0.400,0.202,0.329,0.329,0.317
1749039411.0857639313,0.241,0.178,0.209,0.209,0.400,0.324,0.324,0.329
1749039411.1861560345,0.370,0.269,0.320,0.320,0.209,0.323,0.323,0.324
1749039411.2865440845,0.307,0.222,0.265,0.265,0.320,0.320,0.320,0.323
1749039411.3869769573,0.115,0.083,0.099,0.099,0.265,0.291,0.291,0.320
1749039411.4873929024,0.468,0.332,0.400,0.400,0.099,0.308,0.308,0.291
1749039411.5876920223,0.287,0.201,0.244,0.244,0.400,0.315,0.315,0.308
1749039411.6880769730,0.317,0.218,0.267,0.267,0.244,0.313,0.313,0.315
1749039411.7884540558,0.265,0.180,0.222,0.222,0.267,0.305,0.305,0.313
1749039411.8888499737,0.338,0.228,0.283,0.283,0.222,0.303,0.303,0.305
1749039411.9891750813,0.273,0.183,0.228,0.228,0.283,0.297,0.297,0.303
1749039412.0895400047,0.275,0.183,0.229,0.229,0.228,0.288,0.288,0.297
1749039412.1899600029,0.394,0.259,0.326,0.326,0.229,0.295,0.295,0.288
1749039412.2903029919,0.276,0.179,0.228,0.228,0.326,0.293,0.293,0.295
1749039412.3906660080,0.266,0.172,0.219,0.219,0.228,0.284,0.284,0.293
1749039412.4909820557,0.345,0.222,0.284,0.284,0.219,0.285,0.285,0.284
1749039412.5913629532,0.173,0.111,0.142,0.142,0.284,0.269,0.269,0.285
1749039412.6917641163,0.299,0.190,0.245,0.245,0.142,0.262,0.262,0.269
1749039412.7921299934,0.343,0.216,0.279,0.279,0.245,0.268,0.268,0.262
1749039412.8925020695,0.270,0.168,0.219,0.219,0.279,0.266,0.266,0.268
1749039412.9928739071,0.257,0.159,0.208,0.208,0.219,0.260,0.260,0.266
1749039413.0932559967,0.286,0.177,0.232,0.232,0.208,0.257,0.257,0.260
1749039413.1936280727,0.258,0.159,0.208,0.208,0.232,0.253,0.253,0.257
1749039413.2940049171,0.247,0.151,0.199,0.199,0.208,0.247,0.247,0.253
1749039413.3943738937,0.297,0.180,0.238,0.238,0.199,0.247,0.247,0.247
1749039413.4947230816,0.026,0.016,0.021,0.021,0.238,0.218,0.218,0.247
1749039413.5950870514,0.500,0.300,0.400,0.400,0.021,0.252,0.252,0.218
1749039413.6954870224,0.000,0.000,0.000,0.000,0.400,0.220,0.220,0.252
1749039413.7958619595,0.367,0.224,0.295,0.295,0.000,0.215,0.215,0.220
1749039413.8962440491,0.199,0.121,0.160,0.160,0.295,0.212,0.212,0.215
1749039413.9966130257,0.252,0.151,0.202,0.202,0.160,0.209,0.209,0.212
1749039414.0974929333,0.456,0.264,0.360,0.360,0.202,0.233,0.233,0.209
1749039414.1978170872,0.000,0.000,0.000,0.000,0.360,0.212,0.212,0.233
1749039414.2981760502,0.510,0.290,0.400,0.400,0.000,0.238,0.238,0.212
1749039414.3984920979,0.185,0.104,0.145,0.145,0.400,0.244,0.244,0.238
1749039414.4988648891,0.387,0.216,0.302,0.302,0.145,0.254,0.254,0.244
1749039414.5992319584,0.235,0.130,0.182,0.182,0.302,0.254,0.254,0.254
1749039414.6996018887,0.351,0.193,0.272,0.272,0.182,0.258,0.258,0.254
1749039414.7999899387,0.352,0.193,0.272,0.272,0.272,0.267,0.267,0.258
1749039414.9003069401,0.343,0.188,0.266,0.266,0.272,0.273,0.273,0.267
1749039415.0006730556,0.420,0.229,0.325,0.325,0.266,0.287,0.287,0.273
1749039415.1010000706,0.458,0.249,0.354,0.354,0.325,0.306,0.306,0.287
1749039415.2013659477,0.422,0.230,0.326,0.326,0.354,0.319,0.319,0.306
1749039415.3017430305,0.382,0.209,0.295,0.295,0.326,0.324,0.324,0.319
1749039415.4021010399,0.463,0.255,0.359,0.359,0.295,0.335,0.335,0.324
1749039415.5024681091,0.468,0.259,0.363,0.363,0.359,0.349,0.349,0.335
1749039415.6027960777,0.468,0.262,0.365,0.365,0.363,0.360,0.360,0.349
1749039415.7031450272,0.484,0.274,0.379,0.379,0.365,0.372,0.372,0.360
1749039415.8034510612,0.455,0.260,0.358,0.358,0.379,0.379,0.379,0.372
1749039415.9037570953,0.433,0.252,0.343,0.343,0.358,0.381,0.381,0.379
1749039416.0041139126,0.411,0.243,0.327,0.327,0.343,0.379,0.379,0.381
1749039416.1045110226,0.485,0.294,0.389,0.389,0.327,0.385,0.385,0.379
1749039416.2049310207,0.421,0.261,0.341,0.341,0.389,0.387,0.387,0.385
1749039416.3052959442,0.409,0.261,0.335,0.335,0.341,0.385,0.385,0.387
1749039416.4056220055,0.434,0.286,0.360,0.360,0.335,0.386,0.386,0.385
1749039416.5059769154,0.398,0.273,0.335,0.335,0.360,0.385,0.385,0.386
1749039416.6063289642,0.395,0.283,0.339,0.339,0.335,0.382,0.382,0.385
1749039416.7067010403,0.425,0.319,0.372,0.372,0.339,0.386,0.386,0.382
1749039416.8071599007,0.393,0.310,0.351,0.351,0.372,0.387,0.387,0.386
1749039416.9075069427,0.372,0.310,0.341,0.341,0.351,0.386,0.386,0.387
1749039417.0078709126,0.374,0.316,0.345,0.345,0.341,0.385,0.385,0.386
1749039417.1082420349,0.406,0.353,0.380,0.380,0.345,0.389,0.389,0.385
1749039417.2085869312,0.382,0.343,0.363,0.363,0.380,0.393,0.393,0.389
1749039417.3089509010,0.383,0.358,0.370,0.370,0.363,0.396,0.396,0.393
1749039417.4092969894,0.386,0.375,0.381,0.381,0.370,0.400,0.400,0.396
1749039417.5096559525,0.288,0.291,0.289,0.289,0.381,0.391,0.391,0.400
1749039417.6100521088,0.316,0.331,0.324,0.324,0.289,0.383,0.383,0.391
1749039417.7104001045,0.327,0.355,0.341,0.341,0.324,0.380,0.380,0.383
1749039417.8107950687,0.311,0.376,0.343,0.343,0.341,0.379,0.379,0.380
1749039417.9111630917,0.314,0.391,0.353,0.353,0.343,0.380,0.380,0.379
1749039418.0114998817,0.245,0.313,0.279,0.279,0.353,0.371,0.371,0.380
1749039418.1119139194,0.322,0.421,0.372,0.372,0.279,0.372,0.372,0.371
1749039418.2122669220,0.271,0.360,0.316,0.316,0.372,0.371,0.371,0.372
1749039418.3126559258,0.278,0.374,0.326,0.326,0.316,0.368,0.368,0.371
1749039418.4129700661,0.313,0.426,0.370,0.370,0.326,0.373,0.373,0.368
1749039418.5133481026,0.259,0.354,0.306,0.306,0.370,0.370,0.370,0.373
1749039418.6137290001,0.285,0.392,0.339,0.339,0.306,0.369,0.369,0.370
1749039418.7141070366,0.291,0.396,0.343,0.343,0.339,0.371,0.371,0.369
1749039418.8145020008,0.255,0.343,0.299,0.299,0.343,0.366,0.366,0.371
1749039418.9148159027,0.314,0.414,0.364,0.364,0.299,0.368,0.368,0.366
1749039419.0152249336,0.287,0.374,0.331,0.331,0.364,0.370,0.370,0.368
1749039419.1156170368,0.270,0.344,0.307,0.307,0.331,0.366,0.366,0.370
1749039419.2159569263,0.277,0.345,0.311,0.311,0.307,0.361,0.361,0.366
1749039419.3163599968,0.280,0.341,0.311,0.311,0.311,0.358,0.358,0.361
1749039419.4167211056,0.251,0.300,0.276,0.276,0.311,0.349,0.349,0.358
1749039419.5171689987,0.283,0.335,0.309,0.309,0.276,0.345,0.345,0.349
1749039419.6175179482,0.266,0.311,0.289,0.289,0.309,0.341,0.341,0.345
1749039419.7178840637,0.279,0.322,0.301,0.301,0.289,0.338,0.338,0.341
1749039419.8182370663,0.310,0.352,0.331,0.331,0.301,0.341,0.341,0.338
1749039419.9185779095,0.260,0.290,0.275,0.275,0.331,0.337,0.337,0.341
1749039420.0189509392,0.279,0.307,0.293,0.293,0.275,0.334,0.334,0.337
1749039420.1193320751,0.291,0.315,0.303,0.303,0.293,0.333,0.333,0.334
1749039420.2196869850,0.198,0.211,0.204,0.204,0.303,0.319,0.319,0.333
1749039420.3201200962,0.343,0.361,0.352,0.352,0.204,0.322,0.322,0.319
1749039420.4205029011,0.228,0.238,0.233,0.233,0.352,0.317,0.317,0.322
1749039420.5209300518,0.204,0.211,0.207,0.207,0.233,0.302,0.302,0.317
1749039420.6213040352,0.274,0.284,0.279,0.279,0.207,0.297,0.297,0.302
1749039420.7216219902,0.200,0.207,0.204,0.204,0.279,0.287,0.287,0.297
1749039420.8220160007,0.223,0.232,0.228,0.228,0.204,0.278,0.278,0.287
1749039420.9223639965,0.239,0.250,0.245,0.245,0.228,0.275,0.275,0.278
1749039421.0227530003,0.201,0.212,0.207,0.207,0.245,0.267,0.267,0.275
1749039421.1231749058,0.212,0.226,0.219,0.219,0.207,0.261,0.261,0.267
1749039421.2235109806,0.312,0.340,0.326,0.326,0.219,0.272,0.272,0.261
1749039421.3238759041,0.028,0.031,0.030,0.030,0.326,0.246,0.246,0.272
1749039421.4242439270,0.275,0.309,0.292,0.292,0.030,0.243,0.243,0.246
1749039421.5245399475,0.158,0.189,0.174,0.174,0.292,0.239,0.239,0.243
1749039421.6248810291,0.303,0.380,0.342,0.342,0.174,0.254,0.254,0.239
1749039421.7253429890,0.109,0.138,0.123,0.123,0.342,0.246,0.246,0.254
1749039421.8257520199,0.302,0.386,0.344,0.344,0.123,0.257,0.257,0.246
1749039421.9261529446,0.208,0.273,0.240,0.240,0.344,0.266,0.266,0.257
1749039422.0265309811,0.274,0.361,0.318,0.318,0.240,0.278,0.278,0.266
1749039422.1276080608,0.200,0.267,0.234,0.234,0.318,0.280,0.280,0.278
1749039422.2279839516,0.275,0.371,0.323,0.323,0.234,0.290,0.290,0.280
1749039422.3283751011,0.290,0.394,0.342,0.342,0.323,0.306,0.306,0.290
1749039422.4287500381,0.253,0.346,0.300,0.300,0.342,0.315,0.315,0.306
1749039422.5290579796,0.274,0.374,0.324,0.324,0.300,0.323,0.323,0.315
1749039422.6293790340,0.264,0.359,0.311,0.311,0.324,0.329,0.329,0.323
1749039422.7297720909,0.254,0.340,0.297,0.297,0.311,0.331,0.331,0.329
1749039422.8301560879,0.346,0.453,0.400,0.400,0.297,0.346,0.346,0.331
1749039422.9304709435,0.223,0.285,0.254,0.254,0.400,0.344,0.344,0.346
1749039423.0308499336,0.310,0.385,0.348,0.348,0.254,0.346,0.346,0.344
1749039423.1312708855,0.110,0.135,0.123,0.123,0.348,0.321,0.321,0.346
1749039423.2317399979,0.300,0.362,0.331,0.331,0.123,0.316,0.316,0.321
1749039423.3320829868,0.177,0.209,0.193,0.193,0.331,0.304,0.304,0.316
1749039423.4324340820,0.226,0.261,0.243,0.243,0.193,0.293,0.293,0.304
1749039423.5328381062,0.244,0.273,0.258,0.258,0.243,0.289,0.289,0.293
1749039423.6332359314,0.232,0.250,0.241,0.241,0.258,0.285,0.285,0.289
1749039423.7336258888,0.232,0.240,0.236,0.236,0.241,0.280,0.280,0.285
1749039423.8339989185,0.253,0.249,0.251,0.251,0.236,0.278,0.278,0.280
1749039423.9343221188,0.283,0.237,0.260,0.260,0.251,0.279,0.279,0.278
1749039424.0346961021,0.322,0.255,0.288,0.288,0.260,0.284,0.284,0.279
1749039424.1350789070,0.308,0.233,0.271,0.271,0.288,0.288,0.288,0.284
1749039424.2354369164,0.358,0.259,0.308,0.308,0.271,0.296,0.296,0.288
1749039424.3357810974,0.476,0.324,0.400,0.400,0.308,0.333,0.333,0.296
1749039424.4361650944,0.045,0.030,0.038,0.038,0.400,0.312,0.312,0.333
1749039424.5365359783,0.490,0.310,0.400,0.400,0.038,0.346,0.346,0.312
1749039424.6368889809,0.246,0.151,0.198,0.198,0.400,0.353,0.353,0.346
1749039424.7373409271,0.444,0.266,0.355,0.355,0.198,0.360,0.360,0.353
1749039424.8377070427,0.389,0.229,0.309,0.309,0.355,0.365,0.365,0.360
1749039424.9380099773,0.209,0.124,0.166,0.166,0.309,0.343,0.343,0.365
1749039425.0383388996,0.507,0.293,0.400,0.400,0.166,0.372,0.372,0.343
1749039425.1386640072,0.008,0.004,0.006,0.006,0.400,0.343,0.343,0.372
1749039425.2390429974,0.511,0.289,0.400,0.400,0.006,0.364,0.364,0.343
1749039425.3393640518,0.043,0.025,0.034,0.034,0.400,0.341,0.341,0.364
1749039425.4397480488,0.513,0.287,0.400,0.400,0.034,0.370,0.370,0.341
1749039425.5401411057,0.000,0.000,0.000,0.000,0.400,0.334,0.334,0.370
1749039425.6404750347,0.514,0.286,0.400,0.400,0.000,0.359,0.359,0.334
1749039425.7408471107,0.218,0.121,0.170,0.170,0.400,0.357,0.357,0.359
1749039425.8412199020,0.396,0.221,0.309,0.309,0.170,0.354,0.354,0.357
1749039425.9415850639,0.081,0.046,0.063,0.063,0.309,0.319,0.319,0.354
1749039426.0419819355,0.513,0.287,0.400,0.400,0.063,0.347,0.347,0.319
1749039426.1423659325,0.029,0.016,0.023,0.023,0.400,0.325,0.325,0.347
1749039426.2427420616,0.441,0.249,0.345,0.345,0.023,0.322,0.322,0.325
1749039426.3431100845,0.392,0.221,0.306,0.306,0.345,0.330,0.330,0.322
1749039426.4434750080,0.515,0.285,0.400,0.400,0.306,0.360,0.360,0.330
1749039426.5438270569,0.318,0.176,0.247,0.247,0.400,0.363,0.363,0.360
1749039426.6442139149,0.373,0.206,0.290,0.290,0.247,0.357,0.357,0.363
1749039426.7445549965,0.405,0.226,0.316,0.316,0.290,0.356,0.356,0.357
1749039426.8449280262,0.479,0.269,0.374,0.374,0.316,0.364,0.364,0.356
1749039426.9452719688,0.443,0.252,0.347,0.347,0.374,0.371,0.371,0.364
1749039427.0456581116,0.426,0.246,0.336,0.336,0.347,0.372,0.372,0.371
1749039427.1459910870,0.474,0.276,0.375,0.375,0.336,0.378,0.378,0.372
1749039427.2463319302,0.366,0.216,0.291,0.291,0.375,0.374,0.374,0.378
1749039427.3466761112,0.366,0.222,0.294,0.294,0.291,0.364,0.364,0.374
1749039427.4471030235,0.380,0.236,0.308,0.308,0.294,0.359,0.359,0.364
1749039427.5475289822,0.401,0.257,0.329,0.329,0.308,0.358,0.358,0.359
1749039427.6478650570,0.349,0.231,0.290,0.290,0.329,0.353,0.353,0.358
1749039427.7481660843,0.316,0.218,0.267,0.267,0.290,0.343,0.343,0.353
1749039427.8485100269,0.307,0.222,0.265,0.265,0.267,0.333,0.333,0.343
1749039427.9488890171,0.360,0.276,0.318,0.318,0.265,0.332,0.332,0.333
1749039428.0492839813,0.289,0.237,0.263,0.263,0.318,0.327,0.327,0.332
1749039428.1496150494,0.228,0.190,0.209,0.209,0.263,0.312,0.312,0.327
1749039428.2499420643,0.342,0.296,0.319,0.319,0.209,0.311,0.311,0.312
1749039428.3502891064,0.188,0.170,0.179,0.179,0.319,0.298,0.298,0.311
1749039428.4506330490,0.257,0.243,0.250,0.250,0.179,0.288,0.288,0.298
1749039428.5510389805,0.282,0.281,0.282,0.282,0.250,0.289,0.289,0.288
1749039428.6513869762,0.254,0.304,0.279,0.279,0.282,0.292,0.292,0.289
1749039428.7517518997,0.226,0.285,0.255,0.255,0.279,0.292,0.292,0.292
1749039428.8520970345,0.268,0.358,0.313,0.313,0.255,0.298,0.298,0.292
1749039428.9524838924,0.233,0.328,0.280,0.280,0.313,0.303,0.303,0.298
1749039429.0528750420,0.285,0.420,0.352,0.352,0.280,0.315,0.315,0.303
1749039429.1532499790,0.176,0.266,0.221,0.221,0.352,0.311,0.311,0.315
1749039429.2536499500,0.312,0.487,0.399,0.399,0.221,0.325,0.325,0.311
1749039429.3540060520,0.234,0.373,0.304,0.304,0.399,0.333,0.333,0.325
1749039429.4543979168,0.301,0.499,0.400,0.400,0.304,0.354,0.354,0.333
1749039429.5548090935,0.177,0.297,0.237,0.237,0.400,0.351,0.351,0.354
1749039429.6552250385,0.294,0.506,0.400,0.400,0.237,0.371,0.371,0.351
1749039429.7556540966,0.198,0.344,0.271,0.271,0.400,0.373,0.373,0.371
1749039429.8560559750,0.188,0.327,0.258,0.258,0.271,0.362,0.362,0.373
1749039429.9564199448,0.290,0.510,0.400,0.400,0.258,0.379,0.379,0.362
1749039430.0567870140,0.166,0.293,0.230,0.230,0.400,0.372,0.372,0.379
1749039430.1572480202,0.204,0.357,0.280,0.280,0.230,0.360,0.360,0.372
1749039430.2575850487,0.236,0.413,0.324,0.324,0.280,0.358,0.358,0.360
1749039430.3578960896,0.185,0.323,0.254,0.254,0.324,0.348,0.348,0.358
1749039430.4583148956,0.215,0.376,0.295,0.295,0.254,0.341,0.341,0.348
1749039430.5586318970,0.210,0.366,0.288,0.288,0.295,0.336,0.336,0.341
1749039430.6590030193,0.201,0.349,0.275,0.275,0.288,0.330,0.330,0.336
1749039430.7594289780,0.201,0.345,0.273,0.273,0.275,0.324,0.324,0.330
1749039430.8597879410,0.211,0.362,0.286,0.286,0.273,0.321,0.321,0.324
1749039430.9602179527,0.186,0.317,0.251,0.251,0.286,0.315,0.315,0.321
1749039431.0605599880,0.223,0.378,0.301,0.301,0.251,0.314,0.314,0.315
1749039431.1609210968,0.169,0.285,0.227,0.227,0.301,0.307,0.307,0.314
1749039431.2612500191,0.210,0.352,0.281,0.281,0.227,0.303,0.303,0.307
1749039431.3616209030,0.181,0.302,0.242,0.242,0.281,0.298,0.298,0.303
1749039431.4620320797,0.128,0.210,0.169,0.169,0.242,0.282,0.282,0.298
1749039431.5623929501,0.185,0.303,0.244,0.244,0.169,0.273,0.273,0.282
1749039431.6627810001,0.158,0.257,0.207,0.207,0.244,0.266,0.266,0.273
1749039431.7631111145,0.187,0.302,0.244,0.244,0.207,0.263,0.263,0.266
1749039431.8635549545,0.158,0.254,0.206,0.206,0.244,0.258,0.258,0.263
1749039431.9639179707,0.157,0.252,0.205,0.205,0.206,0.252,0.252,0.258
1749039432.0643138885,0.099,0.158,0.128,0.128,0.205,0.235,0.235,0.252
1749039432.1647279263,0.191,0.302,0.246,0.246,0.128,0.233,0.233,0.235
1749039432.2650930882,0.137,0.216,0.177,0.177,0.246,0.230,0.230,0.233
1749039432.3654849529,0.192,0.303,0.247,0.247,0.177,0.233,0.233,0.230
1749039432.4658749104,0.205,0.324,0.264,0.264,0.247,0.243,0.243,0.233
1749039432.5662760735,0.173,0.271,0.222,0.222,0.264,0.246,0.246,0.243
1749039432.6666920185,0.190,0.297,0.243,0.243,0.222,0.250,0.250,0.246
1749039432.7672469616,0.164,0.254,0.209,0.209,0.243,0.249,0.249,0.250
1749039432.8676090240,0.213,0.328,0.270,0.270,0.209,0.255,0.255,0.249
1749039432.9679241180,0.226,0.346,0.286,0.286,0.270,0.266,0.266,0.255
1749039433.0682859421,0.223,0.340,0.282,0.282,0.286,0.275,0.275,0.266
1749039433.1686289310,0.214,0.325,0.270,0.270,0.282,0.281,0.281,0.275
1749039433.2689990997,0.230,0.349,0.290,0.290,0.270,0.288,0.288,0.281
1749039433.3694078922,0.219,0.329,0.274,0.274,0.290,0.293,0.293,0.288
1749039433.4697980881,0.192,0.285,0.238,0.238,0.274,0.291,0.291,0.293
1749039433.5701770782,0.280,0.412,0.346,0.346,0.238,0.301,0.301,0.291
1749039433.6705229282,0.205,0.299,0.252,0.252,0.346,0.304,0.304,0.301
1749039433.7708890438,0.285,0.415,0.350,0.350,0.252,0.314,0.314,0.304
1749039433.8712940216,0.245,0.353,0.299,0.299,0.350,0.321,0.321,0.314
1749039433.9716000557,0.263,0.378,0.321,0.321,0.299,0.327,0.327,0.321
1749039434.0719959736,0.249,0.356,0.302,0.302,0.321,0.330,0.330,0.327
1749039434.1723248959,0.155,0.219,0.187,0.187,0.302,0.315,0.315,0.330
1749039434.2726969719,0.200,0.279,0.239,0.239,0.187,0.302,0.302,0.315
1749039434.3730859756,0.231,0.322,0.276,0.276,0.239,0.299,0.299,0.302
1749039434.4734609127,0.210,0.292,0.251,0.251,0.276,0.296,0.296,0.299
1749039434.5738608837,0.212,0.293,0.252,0.252,0.251,0.292,0.292,0.296
1749039434.6741991043,0.204,0.282,0.243,0.243,0.252,0.288,0.288,0.292
1749039434.7745618820,0.196,0.268,0.232,0.232,0.243,0.282,0.282,0.288
1749039434.8749499321,0.187,0.254,0.221,0.221,0.232,0.275,0.275,0.282
1749039434.9753279686,0.173,0.234,0.204,0.204,0.221,0.266,0.266,0.275
1749039435.0757129192,0.193,0.260,0.227,0.227,0.204,0.261,0.261,0.266
1749039435.1760818958,0.181,0.244,0.213,0.213,0.227,0.256,0.256,0.261
1749039435.2764079571,0.261,0.358,0.310,0.310,0.213,0.265,0.265,0.256
1749039435.3768010139,0.140,0.193,0.167,0.167,0.310,0.259,0.259,0.265
1749039435.4773759842,0.165,0.227,0.196,0.196,0.167,0.249,0.249,0.259
1749039435.5777039528,0.206,0.287,0.247,0.247,0.196,0.250,0.250,0.249
1749039435.6780619621,0.149,0.209,0.179,0.179,0.247,0.244,0.244,0.250
1749039435.7784290314,0.201,0.285,0.243,0.243,0.179,0.244,0.244,0.244
1749039435.8787379265,0.157,0.224,0.190,0.190,0.243,0.241,0.241,0.244
1749039435.9791059494,0.212,0.306,0.259,0.259,0.190,0.244,0.244,0.241
1749039436.0794789791,0.216,0.319,0.268,0.268,0.259,0.253,0.253,0.244
1749039436.1798119545,0.153,0.229,0.191,0.191,0.268,0.251,0.251,0.253
1749039436.2801759243,0.144,0.218,0.181,0.181,0.191,0.242,0.242,0.251
1749039436.3805201054,0.097,0.147,0.122,0.122,0.181,0.226,0.226,0.242
1749039436.4808669090,0.153,0.234,0.193,0.193,0.122,0.218,0.218,0.226
1749039436.5812280178,0.148,0.228,0.188,0.188,0.193,0.215,0.215,0.218
1749039436.6815741062,0.157,0.244,0.200,0.200,0.188,0.215,0.215,0.215
1749039436.7819581032,0.146,0.227,0.187,0.187,0.200,0.213,0.213,0.215
1749039436.8823370934,0.132,0.207,0.169,0.169,0.187,0.209,0.209,0.213
1749039436.9827229977,0.137,0.215,0.176,0.176,0.169,0.206,0.206,0.209
1749039437.0831019878,0.104,0.164,0.134,0.134,0.176,0.197,0.197,0.206
1749039437.1834580898,0.156,0.248,0.202,0.202,0.134,0.197,0.197,0.197
1749039437.2838370800,0.121,0.193,0.157,0.157,0.202,0.195,0.195,0.197
1749039437.3842089176,0.161,0.258,0.210,0.210,0.157,0.198,0.198,0.195
1749039437.4845800400,0.163,0.263,0.213,0.213,0.210,0.205,0.205,0.198
1749039437.5849649906,0.150,0.243,0.197,0.197,0.213,0.209,0.209,0.205
1749039437.6854319572,0.139,0.225,0.182,0.182,0.197,0.209,0.209,0.209
1749039437.7859089375,0.146,0.237,0.192,0.192,0.182,0.209,0.209,0.209
1749039437.8862960339,0.160,0.259,0.209,0.209,0.192,0.212,0.212,0.209
1749039437.9866259098,0.139,0.225,0.182,0.182,0.209,0.212,0.212,0.212
1749039438.0874979496,0.169,0.275,0.222,0.222,0.182,0.216,0.216,0.212
1749039438.1877880096,0.156,0.253,0.204,0.204,0.222,0.219,0.219,0.216
1749039438.2881100178,0.178,0.288,0.233,0.233,0.204,0.225,0.225,0.219
1749039438.3884301186,0.139,0.225,0.182,0.182,0.233,0.224,0.224,0.225
1749039438.4887640476,0.177,0.283,0.230,0.230,0.182,0.227,0.227,0.224
1749039438.5891480446,0.146,0.231,0.188,0.188,0.230,0.226,0.226,0.227
1749039438.6894919872,0.138,0.216,0.177,0.177,0.188,0.222,0.222,0.226
1749039438.7898468971,0.162,0.251,0.206,0.206,0.177,0.221,0.221,0.222
1749039438.8902070522,0.154,0.236,0.195,0.195,0.206,0.220,0.220,0.221
1749039438.9905700684,0.165,0.249,0.207,0.207,0.195,0.221,0.221,0.220
1749039439.0909469128,0.138,0.204,0.171,0.171,0.207,0.217,0.217,0.221
1749039439.1912629604,0.135,0.197,0.166,0.166,0.171,0.211,0.211,0.217
1749039439.2915680408,0.178,0.254,0.216,0.216,0.166,0.213,0.213,0.211
1749039439.3919401169,0.129,0.181,0.155,0.155,0.216,0.208,0.208,0.213
1749039439.4922900200,0.178,0.244,0.211,0.211,0.155,0.209,0.209,0.208
1749039439.5926229954,0.125,0.168,0.146,0.146,0.211,0.204,0.204,0.209
1749039439.6930069923,0.179,0.236,0.207,0.207,0.146,0.205,0.205,0.204
1749039439.7933259010,0.146,0.188,0.167,0.167,0.207,0.203,0.203,0.205
1749039439.8936259747,0.152,0.191,0.172,0.172,0.167,0.200,0.200,0.203
1749039439.9939889908,0.165,0.202,0.183,0.183,0.172,0.200,0.200,0.200
1749039440.0943639278,0.163,0.195,0.179,0.179,0.183,0.200,0.200,0.200
1749039440.1947019100,0.198,0.235,0.217,0.217,0.179,0.205,0.205,0.200
1749039440.2950439453,0.161,0.189,0.175,0.175,0.217,0.205,0.205,0.205
1749039440.3953568935,0.168,0.195,0.182,0.182,0.175,0.204,0.204,0.205
1749039440.4956660271,0.180,0.205,0.192,0.192,0.182,0.205,0.205,0.204
1749039440.5960180759,0.163,0.182,0.172,0.172,0.192,0.204,0.204,0.205
1749039440.6963820457,0.205,0.225,0.215,0.215,0.172,0.207,0.207,0.204
1749039440.7967638969,0.182,0.197,0.189,0.189,0.215,0.209,0.209,0.207
1749039440.8972690105,0.200,0.212,0.206,0.206,0.189,0.212,0.212,0.209
1749039440.9976270199,0.218,0.228,0.223,0.223,0.206,0.218,0.218,0.212
1749039441.0979990959,0.218,0.225,0.221,0.221,0.223,0.223,0.223,0.218
1749039441.1983129978,0.203,0.205,0.204,0.204,0.221,0.225,0.225,0.223
1749039441.2986869812,0.194,0.193,0.194,0.194,0.204,0.224,0.224,0.225
1749039441.3990390301,0.213,0.210,0.212,0.212,0.194,0.225,0.225,0.224
1749039441.4993999004,0.201,0.196,0.198,0.198,0.212,0.225,0.225,0.225
1749039441.5997400284,0.227,0.220,0.224,0.224,0.198,0.228,0.228,0.225
1749039441.7001039982,0.206,0.198,0.202,0.202,0.224,0.228,0.228,0.228
1749039441.8004679680,0.253,0.241,0.247,0.247,0.202,0.234,0.234,0.228
1749039441.9008460045,0.205,0.194,0.199,0.199,0.247,0.235,0.235,0.234
1749039442.0012409687,0.196,0.185,0.191,0.191,0.199,0.231,0.231,0.235
1749039442.1015620232,0.219,0.206,0.213,0.213,0.191,0.231,0.231,0.231
1749039442.2019600868,0.186,0.174,0.180,0.180,0.213,0.227,0.227,0.231
1749039442.3023231030,0.211,0.197,0.204,0.204,0.180,0.225,0.225,0.227
1749039442.4026880264,0.227,0.211,0.219,0.219,0.204,0.227,0.227,0.225
1749039442.5030460358,0.206,0.190,0.198,0.198,0.219,0.226,0.226,0.227
1749039442.6033871174,0.237,0.218,0.227,0.227,0.198,0.229,0.229,0.226
1749039442.7037630081,0.189,0.174,0.181,0.181,0.227,0.227,0.227,0.229
1749039442.8041660786,0.222,0.204,0.213,0.213,0.181,0.226,0.226,0.227
1749039442.9045600891,0.200,0.184,0.192,0.192,0.213,0.225,0.225,0.226
1749039443.0050270557,0.195,0.180,0.188,0.188,0.192,0.222,0.222,0.225
1749039443.1054708958,0.228,0.211,0.219,0.219,0.188,0.224,0.224,0.222
1749039443.2058401108,0.204,0.189,0.197,0.197,0.219,0.224,0.224,0.224
1749039443.3062119484,0.232,0.216,0.224,0.224,0.197,0.226,0.226,0.224
1749039443.4066081047,0.201,0.188,0.194,0.194,0.224,0.226,0.226,0.226
1749039443.5074648857,0.185,0.174,0.180,0.180,0.194,0.222,0.222,0.226
1749039443.6078319550,0.207,0.195,0.201,0.201,0.180,0.221,0.221,0.222
1749039443.7082059383,0.197,0.187,0.192,0.192,0.201,0.219,0.219,0.221
1749039443.8085680008,0.198,0.189,0.194,0.194,0.192,0.218,0.218,0.219
1749039443.9089090824,0.204,0.197,0.200,0.200,0.194,0.218,0.218,0.218
1749039444.0092411041,0.219,0.213,0.216,0.216,0.200,0.221,0.221,0.218
1749039444.1096398830,0.201,0.197,0.199,0.199,0.216,0.222,0.222,0.221
1749039444.2099969387,0.197,0.194,0.195,0.195,0.199,0.221,0.221,0.222
1749039444.3103621006,0.171,0.170,0.170,0.170,0.195,0.217,0.217,0.221
1749039444.4107110500,0.215,0.215,0.215,0.215,0.170,0.218,0.218,0.217
1749039444.5111050606,0.169,0.171,0.170,0.170,0.215,0.215,0.215,0.218
1749039444.6114621162,0.227,0.232,0.230,0.230,0.170,0.218,0.218,0.215
1749039444.7118690014,0.194,0.200,0.197,0.197,0.230,0.220,0.220,0.218
1749039444.8122661114,0.211,0.219,0.215,0.215,0.197,0.222,0.222,0.220
1749039444.9126288891,0.208,0.218,0.213,0.213,0.215,0.225,0.225,0.222
1749039445.0130310059,0.189,0.200,0.194,0.194,0.213,0.225,0.225,0.225
1749039445.1134130955,0.220,0.236,0.228,0.228,0.194,0.228,0.228,0.225
1749039445.2137799263,0.185,0.200,0.192,0.192,0.228,0.228,0.228,0.228
1749039445.3141829967,0.178,0.194,0.186,0.186,0.192,0.224,0.224,0.228
1749039445.4145510197,0.216,0.239,0.228,0.228,0.186,0.226,0.226,0.224
1749039445.5149359703,0.180,0.200,0.190,0.190,0.228,0.226,0.226,0.226
1749039445.6152989864,0.210,0.237,0.224,0.224,0.190,0.228,0.228,0.226
1749039445.7156660557,0.196,0.223,0.209,0.209,0.224,0.229,0.229,0.228
1749039445.8160500526,0.187,0.215,0.201,0.201,0.209,0.229,0.229,0.229
1749039445.9164340496,0.207,0.239,0.223,0.223,0.201,0.231,0.231,0.229
1749039446.0168190002,0.186,0.220,0.203,0.203,0.223,0.231,0.231,0.231
1749039446.1172490120,0.193,0.230,0.211,0.211,0.203,0.231,0.231,0.231
1749039446.2176399231,0.203,0.243,0.223,0.223,0.211,0.233,0.233,0.231
1749039446.3180019855,0.232,0.281,0.256,0.256,0.223,0.241,0.241,0.233
1749039446.4183700085,0.178,0.218,0.198,0.198,0.256,0.241,0.241,0.241
1749039446.5187430382,0.154,0.191,0.173,0.173,0.198,0.233,0.233,0.241
1749039446.6190629005,0.168,0.211,0.189,0.189,0.173,0.228,0.228,0.233
1749039446.7194190025,0.167,0.211,0.189,0.189,0.189,0.224,0.224,0.228
1749039446.8198039532,0.175,0.224,0.200,0.200,0.189,0.222,0.222,0.224
1749039446.9201819897,0.170,0.219,0.195,0.195,0.200,0.221,0.221,0.222
1749039447.0205628872,0.161,0.208,0.184,0.184,0.195,0.218,0.218,0.221
1749039447.1209061146,0.182,0.238,0.210,0.210,0.184,0.218,0.218,0.218
1749039447.2212829590,0.187,0.249,0.218,0.218,0.210,0.222,0.222,0.218
1749039447.3216888905,0.107,0.142,0.124,0.124,0.218,0.212,0.212,0.222
1749039447.4220550060,0.156,0.210,0.183,0.183,0.124,0.206,0.206,0.212
1749039447.5224459171,0.133,0.182,0.157,0.157,0.183,0.201,0.201,0.206
1749039447.6228299141,0.124,0.172,0.148,0.148,0.157,0.194,0.194,0.201
1749039447.7232530117,0.166,0.235,0.200,0.200,0.148,0.195,0.195,0.194
1749039447.8235840797,0.083,0.117,0.100,0.100,0.200,0.185,0.185,0.195
1749039447.9239590168,0.146,0.210,0.178,0.178,0.100,0.182,0.182,0.185
1749039448.0243299007,0.104,0.153,0.128,0.128,0.178,0.177,0.177,0.182
1749039448.1247088909,0.125,0.186,0.156,0.156,0.128,0.174,0.174,0.177
1749039448.2250750065,0.097,0.147,0.122,0.122,0.156,0.168,0.168,0.174
1749039448.3254539967,0.083,0.128,0.105,0.105,0.122,0.159,0.159,0.168
1749039448.4258489609,0.117,0.182,0.150,0.150,0.105,0.156,0.156,0.159
1749039448.5262219906,0.121,0.191,0.156,0.156,0.150,0.158,0.158,0.156
1749039448.6266140938,0.106,0.168,0.137,0.137,0.156,0.158,0.158,0.158
1749039448.7270739079,0.149,0.239,0.194,0.194,0.137,0.165,0.165,0.158
1749039448.8275089264,0.117,0.191,0.154,0.154,0.194,0.168,0.168,0.165
1749039448.9278130531,0.133,0.219,0.176,0.176,0.154,0.172,0.172,0.168
1749039449.0281889439,0.148,0.246,0.197,0.197,0.176,0.180,0.180,0.172
1749039449.1285269260,0.135,0.226,0.181,0.181,0.197,0.186,0.186,0.180
1749039449.2288990021,0.155,0.260,0.207,0.207,0.181,0.193,0.193,0.186
1749039449.3292489052,0.118,0.200,0.159,0.159,0.207,0.193,0.193,0.193
1749039449.4296278954,0.179,0.303,0.241,0.241,0.159,0.202,0.202,0.193
1749039449.5299520493,0.149,0.253,0.201,0.201,0.241,0.209,0.209,0.202
1749039449.6303329468,0.149,0.254,0.202,0.202,0.201,0.213,0.213,0.209
1749039449.7307069302,0.162,0.276,0.219,0.219,0.202,0.218,0.218,0.213
1749039449.8310389519,0.158,0.269,0.214,0.214,0.219,0.222,0.222,0.218
1749039449.9313960075,0.145,0.247,0.196,0.196,0.214,0.223,0.223,0.222
1749039450.0317249298,0.173,0.294,0.233,0.233,0.196,0.228,0.228,0.223
1749039450.1321139336,0.141,0.239,0.190,0.190,0.233,0.227,0.227,0.228
1749039450.2325029373,0.157,0.264,0.211,0.211,0.190,0.227,0.227,0.227
1749039450.3328299522,0.151,0.254,0.203,0.203,0.211,0.227,0.227,0.227
1749039450.4332160950,0.159,0.265,0.212,0.212,0.203,0.228,0.228,0.227
1749039450.5335390568,0.157,0.259,0.208,0.208,0.212,0.229,0.229,0.228
1749039450.6338670254,0.134,0.221,0.178,0.178,0.208,0.225,0.225,0.229
1749039450.7342619896,0.153,0.248,0.201,0.201,0.178,0.223,0.223,0.225
1749039450.8345770836,0.164,0.265,0.214,0.214,0.201,0.224,0.224,0.223
1749039450.9349229336,0.106,0.162,0.134,0.134,0.214,0.215,0.215,0.224
1749039451.0353119373,0.177,0.278,0.228,0.228,0.134,0.216,0.216,0.215
1749039451.1356389523,0.115,0.178,0.147,0.147,0.228,0.210,0.210,0.216
1749039451.2359809875,0.163,0.247,0.205,0.205,0.147,0.209,0.209,0.210
1749039451.3363471031,0.110,0.155,0.132,0.132,0.205,0.202,0.202,0.209
1749039451.4367270470,0.197,0.287,0.242,0.242,0.132,0.207,0.207,0.202
1749039451.5375699997,0.127,0.181,0.154,0.154,0.242,0.205,0.205,0.207
1749039451.6378719807,0.151,0.211,0.181,0.181,0.154,0.203,0.203,0.205
1749039451.7382149696,0.134,0.184,0.159,0.159,0.181,0.199,0.199,0.203
1749039451.8385341167,0.156,0.209,0.183,0.183,0.159,0.197,0.197,0.199
1749039451.9388959408,0.134,0.174,0.154,0.154,0.183,0.194,0.194,0.197
1749039452.0392549038,0.180,0.230,0.205,0.205,0.154,0.197,0.197,0.194
1749039452.1395390034,0.139,0.173,0.156,0.156,0.205,0.195,0.195,0.197
1749039452.2399170399,0.186,0.226,0.206,0.206,0.156,0.198,0.198,0.195
1749039452.3402969837,0.162,0.193,0.177,0.177,0.206,0.199,0.199,0.198
1749039452.4406509399,0.187,0.221,0.204,0.204,0.177,0.203,0.203,0.199
1749039452.5409650803,0.168,0.195,0.181,0.181,0.204,0.204,0.204,0.203
1749039452.6413300037,0.164,0.189,0.177,0.177,0.181,0.203,0.203,0.204
1749039452.7417359352,0.176,0.198,0.187,0.187,0.177,0.203,0.203,0.203
1749039452.8421161175,0.194,0.214,0.204,0.204,0.187,0.206,0.206,0.203
1749039452.9424779415,0.204,0.221,0.212,0.212,0.204,0.211,0.211,0.206
1749039453.0428619385,0.220,0.233,0.227,0.227,0.212,0.218,0.218,0.211
1749039453.1432540417,0.208,0.216,0.212,0.212,0.227,0.223,0.223,0.218
1749039453.2435789108,0.216,0.221,0.219,0.219,0.212,0.226,0.226,0.223
1749039453.3439559937,0.207,0.209,0.208,0.208,0.219,0.228,0.228,0.226
1749039453.4443330765,0.234,0.233,0.234,0.234,0.208,0.233,0.233,0.228
1749039453.5446960926,0.284,0.279,0.281,0.281,0.234,0.245,0.245,0.233
1749039453.6450989246,0.299,0.290,0.295,0.295,0.281,0.260,0.260,0.245
1749039453.7454659939,0.281,0.270,0.275,0.275,0.295,0.271,0.271,0.260
1749039453.8458778858,0.354,0.337,0.345,0.345,0.275,0.289,0.289,0.271
1749039453.9464640617,0.400,0.378,0.389,0.389,0.345,0.314,0.314,0.289
1749039454.0469160080,0.379,0.355,0.367,0.367,0.389,0.335,0.335,0.314
1749039454.1473441124,0.402,0.375,0.388,0.388,0.367,0.354,0.354,0.335
1749039454.2476539612,0.411,0.382,0.396,0.396,0.388,0.372,0.372,0.354
1749039454.3480339050,0.415,0.385,0.400,0.400,0.396,0.390,0.390,0.372
1749039454.4483809471,0.415,0.385,0.400,0.400,0.400,0.407,0.407,0.390
1749039454.5487530231,0.415,0.385,0.400,0.400,0.400,0.427,0.427,0.407
1749039454.6491549015,0.415,0.385,0.400,0.400,0.400,0.442,0.442,0.427
1749039454.7494928837,0.415,0.385,0.400,0.400,0.400,0.450,0.450,0.442
1749039454.8499269485,0.415,0.385,0.400,0.400,0.400,0.462,0.462,0.450
1749039454.9502379894,0.414,0.386,0.400,0.400,0.400,0.471,0.471,0.462
1749039455.0506129265,0.414,0.386,0.400,0.400,0.400,0.473,0.473,0.471
1749039455.1510300636,0.413,0.387,0.400,0.400,0.400,0.474,0.474,0.473
1749039455.2513549328,0.412,0.388,0.400,0.400,0.400,0.476,0.476,0.474
1749039455.3517489433,0.411,0.389,0.400,0.400,0.400,0.478,0.478,0.476
1749039455.4521069527,0.409,0.391,0.400,0.400,0.400,0.478,0.478,0.478
1749039455.5524890423,0.408,0.392,0.400,0.400,0.400,0.477,0.477,0.478
1749039455.6528379917,0.405,0.395,0.400,0.400,0.400,0.478,0.478,0.477
1749039455.7532150745,0.403,0.397,0.400,0.400,0.400,0.476,0.476,0.478
1749039455.8536450863,0.400,0.400,0.400,0.400,0.400,0.474,0.474,0.476
1749039455.9539980888,0.398,0.402,0.400,0.400,0.400,0.475,0.475,0.474
1749039456.0544090271,0.395,0.405,0.400,0.400,0.400,0.475,0.475,0.475
1749039456.1547551155,0.392,0.408,0.400,0.400,0.400,0.484,0.484,0.475
1749039456.2551589012,0.369,0.388,0.379,0.379,0.400,0.481,0.481,0.484
1749039456.3555519581,0.387,0.413,0.400,0.400,0.379,0.481,0.481,0.481
1749039456.4560329914,0.384,0.416,0.400,0.400,0.400,0.481,0.481,0.481
1749039456.5564088821,0.382,0.418,0.400,0.400,0.400,0.480,0.480,0.481
1749039456.6573729515,0.379,0.421,0.400,0.400,0.400,0.489,0.489,0.480
1749039456.7577021122,0.377,0.423,0.400,0.400,0.400,0.489,0.489,0.489
1749039456.8580060005,0.374,0.426,0.400,0.400,0.400,0.488,0.488,0.489
1749039456.9583818913,0.365,0.435,0.400,0.400,0.400,0.491,0.491,0.488
1749039457.0587000847,0.363,0.437,0.400,0.400,0.400,0.496,0.496,0.491
1749039457.1590640545,0.361,0.439,0.400,0.400,0.400,0.498,0.498,0.496
1749039457.2594580650,0.284,0.350,0.317,0.317,0.400,0.482,0.482,0.498
1749039457.3598299026,0.219,0.272,0.245,0.245,0.317,0.450,0.450,0.482
1749039457.4602830410,0.184,0.232,0.208,0.208,0.245,0.410,0.410,0.450
1749039457.5606760979,0.171,0.217,0.194,0.194,0.208,0.372,0.372,0.410
1749039457.6610550880,0.184,0.236,0.210,0.210,0.194,0.341,0.341,0.372
1749039457.7613689899,0.104,0.134,0.119,0.119,0.210,0.303,0.303,0.341
1749039457.8617360592,0.095,0.123,0.109,0.109,0.119,0.265,0.265,0.303
1749039457.9620978832,0.076,0.100,0.088,0.088,0.109,0.231,0.231,0.265
1749039458.0624461174,0.025,0.033,0.029,0.029,0.088,0.192,0.192,0.231
1749039458.1627719402,0.011,0.015,0.013,0.013,0.029,0.155,0.155,0.192
1749039458.2631559372,0.000,0.000,0.000,0.000,0.013,0.120,0.120,0.155
1749039458.3634669781,0.000,0.000,0.000,0.000,0.013,0.120,0.120,0.155
1749039458.3635010719,0.000,0.000,0.000,0.000,0.000,0.083,0.083,0.120
1749039458.4638490677,0.000,0.000,0.000,0.000,0.000,0.083,0.083,0.120
1749039458.4638888836,0.000,0.000,0.000,0.000,0.000,0.048,0.048,0.083
1749039458.5642600060,0.000,0.000,0.000,0.000,0.000,0.048,0.048,0.083
1749039458.5642991066,0.000,0.000,0.000,0.000,0.000,0.020,0.020,0.048
1749039458.6646840572,0.000,0.000,0.000,0.000,0.000,0.020,0.020,0.048
1749039458.6647200584,0.000,0.000,0.000,0.000,0.000,-0.002,-0.002,0.020
1749039458.7650890350,0.057,0.085,0.071,0.071,0.000,-0.002,-0.002,-0.002
1749039458.8654899597,0.005,0.006,0.005,0.005,0.071,-0.002,-0.002,-0.002
1749039458.9658210278,0.012,0.015,0.014,0.014,0.005,-0.002,-0.002,-0.002
1749039459.0662031174,0.001,0.001,0.001,0.001,0.014,-0.002,-0.002,-0.002
1749039459.1665890217,0.000,0.000,0.000,0.000,0.001,-0.062,-0.062,-0.002
1749039459.2670640945,0.125,0.191,0.158,0.158,0.000,-0.062,-0.062,-0.062
1749039459.3675599098,0.127,0.205,0.166,0.166,0.158,-0.035,-0.035,-0.062
1749039459.4679241180,0.000,0.000,0.000,0.000,0.166,-0.062,-0.062,-0.035
1749039459.5683200359,0.090,0.139,0.114,0.114,0.000,-0.057,-0.057,-0.062
1749039459.7688500881,0.000,0.000,0.000,0.000,0.000,0.000,0.000,0.000
1749039459.7691709995,0.000,0.000,0.000,0.000,0.000,0.000,0.000,0.000
1749039459.8099799156,0.000,0.000,0.000,0.000,0.000,0.000,0.000,0.000
1749039459.8101770878,0.000,0.000,0.000,0.000,0.000,0.000,0.000,0.000
1749039459.8112208843,0.000,0.000,0.000,0.000,0.000,0.000,0.000,0.000
1749039459.8114130497,0.000,0.000,0.000,0.000,0.000,0.000,0.000,0.000
1749039459.9034509659,0.000,0.000,0.000,0.000,0.000,0.000,0.000,0.000
1749039459.9036478996,0.000,0.000,0.000,0.000,0.000,0.000,0.000,0.000
1749039459.9043500423,0.000,0.000,0.000,0.000,0.000,0.000,0.000,0.000
1749039460.0080740452,0.000,0.000,0.000,0.000,0.000,0.000,0.000,0.000
1749039460.1012010574,0.000,0.000,0.000,0.000,0.000,0.000,0.000,0.000
1749039460.2046968937,0.000,0.000,0.000,0.000,0.000,0.000,0.000,0.000
1749039460.3087980747,0.000,0.000,0.000,0.000,0.000,0.000,0.000,0.000
1749039460.4020099640,0.000,0.000,0.000,0.000,0.000,0.000,0.000,0.000
1749039460.5056149960,0.000,0.000,0.000,0.000,0.000,0.000,0.000,0.000
1749039460.5989620686,0.000,0.000,0.000,0.000,0.000,0.000,0.000,0.000
1749039460.7024779320,0.000,0.000,0.000,0.000,0.000,0.000,0.000,0.000
1749039460.8060650826,0.000,0.000,0.000,0.000,0.000,0.000,0.000,0.000
1749039460.8994460106,0.000,0.000,0.000,0.000,0.000,0.000,0.000,0.000
1749039461.0030329227,0.000,0.000,0.000,0.000,0.000,0.000,0.000,0.000
1749039461.0964939594,0.000,0.000,0.000,0.000,0.000,0.000,0.000,0.000
1749039461.1999919415,0.000,0.000,0.000,0.000,0.000,0.000,0.000,0.000
1749039461.3035089970,0.000,0.000,0.000,0.000,0.000,0.000,0.000,0.000
1749039461.3969209194,0.000,0.000,0.000,0.000,0.000,0.000,0.000,0.000
1749039461.5004630089,0.000,0.000,0.000,0.000,0.000,0.000,0.000,0.000
1749039461.5937209129,0.000,0.000,0.000,0.000,0.000,0.000,0.000,0.000
1749039461.6960880756,0.000,0.000,0.000,0.000,0.000,0.000,0.000,0.000
1749039461.7996459007,0.000,0.000,0.000,0.000,0.000,0.000,0.000,0.000
1749039461.8929510117,0.000,0.000,0.000,0.000,0.000,0.000,0.000,0.000
1749039461.9965910912,0.000,0.000,0.000,0.000,0.000,0.000,0.000,0.000
1749039462.1001079082,0.000,0.000,0.000,0.000,0.000,0.000,0.000,0.000
1749039462.1934800148,0.000,0.000,0.000,0.000,0.000,0.000,0.000,0.000
1749039462.2971229553,0.000,0.000,0.000,0.000,0.000,0.000,0.000,0.000
1749039462.3902170658,0.000,0.000,0.000,0.000,0.000,0.000,0.000,0.000
1749039462.4937360287,0.000,0.000,0.000,0.000,0.000,0.000,0.000,0.000
